CREATE DATABASE  IF NOT EXISTS `ad` /*!40100 DEFAULT CHARACTER SET latin1 */;
USE `ad`;
-- MySQL dump 10.13  Distrib 5.6.23, for Win64 (x86_64)
--
-- Host: 139.129.132.60    Database: ad
-- ------------------------------------------------------
-- Server version	5.6.21-log

/*!40101 SET @OLD_CHARACTER_SET_CLIENT=@@CHARACTER_SET_CLIENT */;
/*!40101 SET @OLD_CHARACTER_SET_RESULTS=@@CHARACTER_SET_RESULTS */;
/*!40101 SET @OLD_COLLATION_CONNECTION=@@COLLATION_CONNECTION */;
/*!40101 SET NAMES utf8 */;
/*!40103 SET @OLD_TIME_ZONE=@@TIME_ZONE */;
/*!40103 SET TIME_ZONE='+00:00' */;
/*!40014 SET @OLD_UNIQUE_CHECKS=@@UNIQUE_CHECKS, UNIQUE_CHECKS=0 */;
/*!40014 SET @OLD_FOREIGN_KEY_CHECKS=@@FOREIGN_KEY_CHECKS, FOREIGN_KEY_CHECKS=0 */;
/*!40101 SET @OLD_SQL_MODE=@@SQL_MODE, SQL_MODE='NO_AUTO_VALUE_ON_ZERO' */;
/*!40111 SET @OLD_SQL_NOTES=@@SQL_NOTES, SQL_NOTES=0 */;

--
-- Table structure for table `car_ad`
--

DROP TABLE IF EXISTS `car_ad`;
/*!40101 SET @saved_cs_client     = @@character_set_client */;
/*!40101 SET character_set_client = utf8 */;
CREATE TABLE `car_ad` (
  `id` int(10) NOT NULL AUTO_INCREMENT,
  `create_time` datetime NOT NULL,
  `update_time` datetime NOT NULL,
  `price` varchar(45) NOT NULL,
  `start_time` datetime NOT NULL,
  `end_time` datetime NOT NULL,
  `advertiser_id` int(11) NOT NULL,
  `content` varchar(255) NOT NULL,
  `play_times` int(50) NOT NULL DEFAULT '0',
  `remain_times` int(255) NOT NULL,
  `regions` varchar(100) DEFAULT NULL,
  `level` varchar(5) NOT NULL DEFAULT 'B',
  `title` varchar(45) NOT NULL DEFAULT 'default',
  PRIMARY KEY (`id`),
  KEY `create_time` (`create_time`)
) ENGINE=InnoDB AUTO_INCREMENT=35 DEFAULT CHARSET=utf8mb4;
/*!40101 SET character_set_client = @saved_cs_client */;

--
-- Dumping data for table `car_ad`
--

LOCK TABLES `car_ad` WRITE;
/*!40000 ALTER TABLE `car_ad` DISABLE KEYS */;
INSERT INTO `car_ad` VALUES (1,'2016-04-19 17:38:02','2016-04-19 17:38:02','0','2016-04-19 17:38:02','2016-04-19 17:38:02',1,'[餐饮] 肯德基吮指原味鸡，就在曹安公路4800号！',0,97,'餐饮服务','a','肯德基'),(2,'2016-04-19 17:38:18','2016-04-19 17:38:18','0','2016-04-19 17:38:18','2016-04-19 17:38:18',1,'[科教] 学厨师，就到新东方烹饪学校！',0,99,'科教文化服务','a','新东方'),(3,'2016-04-19 17:38:27','2016-04-19 17:38:27','0','2016-04-19 17:38:27','2016-04-19 17:38:27',1,'[风景] 水可载舟,亦可赛艇.',0,82,'风景名胜','a','赛艇'),(4,'2016-04-19 18:04:51','2016-04-19 18:04:51','0','2016-04-19 18:04:51','2016-04-19 18:04:51',1,'[医疗] So Easy!',0,97,'医疗保健服务','a','点读机'),(5,'2016-04-25 10:39:54','2016-04-25 10:39:54','5000','2016-04-14 00:00:00','2016-04-19 00:00:00',8,'[汽车] 只要998！',3,91,'汽车服务','a','金牌手机'),(6,'2016-04-25 10:36:13','2016-04-25 10:36:13','10000','2016-04-04 00:00:00','2016-04-12 00:00:00',8,'[风景] 百闻不如一键，不打不相识',0,100,'风景名胜','a','aa'),(7,'2016-04-25 09:22:41','2016-04-25 09:22:41','10000','2016-04-12 00:00:00','2016-04-21 00:00:00',8,'[医疗] 飘柔，就是这么自信',0,97,'医疗保健服务','a','飘柔'),(8,'2016-04-25 10:39:34','2016-04-25 10:39:34','5000','2016-04-14 00:00:00','2016-04-19 00:00:00',8,'[购物] 煮酒论英雄才子赢天下    ',3,95,'购物服务','b','test'),(9,'2016-04-25 12:00:48','2016-04-25 12:00:48','5000','2016-04-13 00:00:00','2016-04-15 00:00:00',8,'[科教] 挖掘机技术哪家强,中国上海',0,84,'科教文化服务','b','南翔'),(10,'2016-04-25 12:08:54','2016-04-25 12:08:54','5000','2016-04-12 00:00:00','2016-04-14 00:00:00',8,'[购物] 海鲜!',3,97,'购物服务','b','海鲜'),(11,'2016-04-25 15:22:07','2016-04-25 15:22:07','10000','2016-04-14 00:00:00','2016-04-21 00:00:00',8,'[科教] 我感觉很难受',0,0,'公司企业','b','中药'),(12,'2016-04-25 15:38:19','2016-04-25 15:38:19','5000','2016-04-20 00:00:00','2016-04-22 00:00:00',8,'[生活] 士力架!',3,94,'生活服务','b','士力架'),(13,'2016-04-25 15:46:50','2016-04-25 15:46:50','10000','2016-04-16 00:00:00','2016-04-28 00:00:00',8,'[餐饮] 焦糖!巧克力!',3,97,'餐饮服务','a','巧克力'),(17,'2016-05-03 11:01:12','2016-05-03 11:01:31','5000','2016-05-10 00:00:00','2016-05-12 00:00:00',8,'[公司] 世界因你而广阔    ',0,98,'公司企业','a','中国网通'),(26,'2016-05-18 09:39:43','2016-05-18 09:39:48','100','2016-05-04 00:00:00','2016-05-13 00:00:00',8,'[生活] 成功',3,0,'生活服务','B','汽车维修'),(27,'2016-05-27 16:11:10','2016-05-27 16:11:21','5000','2016-05-27 00:00:00','2016-06-16 00:00:00',8,'[汽车] 科教文化服务content1',0,97,'汽车服务','B','汽车服务'),(29,'2016-06-01 15:41:12','2016-06-01 15:42:10','5000','2016-06-15 00:00:00','2016-06-23 00:00:00',8,'[汽车] ceshi123',500,498,'汽车服务','B','ceshi'),(30,'2016-06-01 16:47:45','2016-06-01 16:48:20','5000','2016-06-09 00:00:00','2016-06-24 00:00:00',8,'[学校] 测试学校',500,498,'科教文化服务','B','秋风小径的博客'),(31,'2016-06-01 17:00:09','2016-06-01 17:05:57','5000','2016-06-23 00:00:00','2016-06-17 00:00:00',9,'[医疗] 吞吞吐吐',5000,497,'医疗保健服务','B','天梯'),(32,'2016-06-07 10:03:32','2016-06-07 10:04:00','5000','2016-06-08 00:00:00','2016-06-17 00:00:00',10,'[学校] 学校测试',5000,5000,'科教文化服务','B','test'),(33,'2016-06-07 11:05:39','2016-06-07 11:07:08','1000000','2016-06-15 00:00:00','2016-06-29 00:00:00',16,'hahahaha',3,3,'科教文化服务','B','ceshi'),(34,'2016-06-07 11:12:17','2016-06-07 11:12:37','1000','2016-06-01 00:00:00','2016-06-10 00:00:00',20,'[ceshi]',3,3,'科教文化服务','B','500');
/*!40000 ALTER TABLE `car_ad` ENABLE KEYS */;
UNLOCK TABLES;

--
-- Table structure for table `car_ad_reject`
--

DROP TABLE IF EXISTS `car_ad_reject`;
/*!40101 SET @saved_cs_client     = @@character_set_client */;
/*!40101 SET character_set_client = utf8 */;
CREATE TABLE `car_ad_reject` (
  `id` int(10) NOT NULL AUTO_INCREMENT,
  `create_time` datetime NOT NULL,
  `update_time` datetime NOT NULL,
  `price` varchar(45) CHARACTER SET utf8mb4 NOT NULL,
  `start_time` datetime NOT NULL,
  `end_time` datetime NOT NULL,
  `advertiser_id` int(11) NOT NULL,
  `content` varchar(255) CHARACTER SET utf8mb4 NOT NULL,
  `play_times` int(50) NOT NULL DEFAULT '0',
  `remain_times` int(255) NOT NULL,
  `regions` varchar(100) CHARACTER SET utf8mb4 DEFAULT NULL,
  `level` varchar(5) CHARACTER SET utf8mb4 NOT NULL DEFAULT 'B',
  `title` varchar(45) CHARACTER SET utf8mb4 NOT NULL DEFAULT 'default',
  PRIMARY KEY (`id`)
) ENGINE=InnoDB AUTO_INCREMENT=10 DEFAULT CHARSET=latin1;
/*!40101 SET character_set_client = @saved_cs_client */;

--
-- Dumping data for table `car_ad_reject`
--

LOCK TABLES `car_ad_reject` WRITE;
/*!40000 ALTER TABLE `car_ad_reject` DISABLE KEYS */;
INSERT INTO `car_ad_reject` VALUES (1,'2016-05-18 09:06:14','2016-05-18 09:06:17','10000','2016-05-03 00:00:00','2016-05-05 00:00:00',8,'test',1000,0,' 崇明县','C','default'),(2,'2016-05-18 09:36:03','2016-05-18 09:36:08','1000','2016-05-03 00:00:00','2016-05-13 00:00:00',8,'test2',1000,0,' 静安区','C','default'),(3,'2016-05-18 09:40:10','2016-05-18 09:40:13','100','2016-05-04 00:00:00','2016-05-13 00:00:00',8,'投放失败',100,0,' 长宁区','C','default'),(4,'2016-05-18 15:28:33','2016-05-18 15:29:06','5000','2016-05-18 00:00:00','2016-05-26 00:00:00',8,'test',500,0,' 长宁区','C','default'),(5,'2016-05-27 16:04:11','2016-05-27 16:10:02','5000','2016-05-27 00:00:00','2016-05-31 00:00:00',8,'测试风景名胜',500,0,'风景名胜','C','default'),(6,'2016-06-01 17:00:04','2016-06-01 17:05:59','5000','2016-06-23 00:00:00','2016-06-17 00:00:00',9,'吞吞吐吐',5000,0,'医疗保健服务','C','default'),(7,'2016-06-07 10:03:15','2016-06-07 10:04:05','5000','2016-06-08 00:00:00','2016-06-17 00:00:00',10,'[学校] 学校测试',5000,0,'科教文化服务','C','default'),(8,'2016-06-07 11:01:41','2016-06-07 11:07:23','1000000','2016-06-15 00:00:00','2016-06-29 00:00:00',16,'hahahaha',3,0,'科教文化服务','C','default'),(9,'2016-06-07 11:12:21','2016-06-07 11:12:43','1000','2016-06-01 00:00:00','2016-06-10 00:00:00',20,'[ceshi]',3,0,'科教文化服务','C','default');
/*!40000 ALTER TABLE `car_ad_reject` ENABLE KEYS */;
UNLOCK TABLES;

--
-- Table structure for table `car_ad_to_audit`
--

DROP TABLE IF EXISTS `car_ad_to_audit`;
/*!40101 SET @saved_cs_client     = @@character_set_client */;
/*!40101 SET character_set_client = utf8 */;
CREATE TABLE `car_ad_to_audit` (
  `id` int(10) NOT NULL AUTO_INCREMENT,
  `create_time` datetime NOT NULL,
  `update_time` datetime NOT NULL,
  `price` varchar(45) NOT NULL,
  `start_time` datetime NOT NULL,
  `end_time` datetime NOT NULL,
  `advertiser_id` int(11) NOT NULL,
  `content` varchar(255) NOT NULL,
  `play_times` int(50) NOT NULL DEFAULT '0',
  `regions` varchar(100) DEFAULT NULL,
  `title` varchar(45) DEFAULT NULL,
  PRIMARY KEY (`id`),
  KEY `create_time` (`create_time`)
) ENGINE=InnoDB AUTO_INCREMENT=59 DEFAULT CHARSET=utf8mb4;
/*!40101 SET character_set_client = @saved_cs_client */;

--
-- Dumping data for table `car_ad_to_audit`
--

LOCK TABLES `car_ad_to_audit` WRITE;
/*!40000 ALTER TABLE `car_ad_to_audit` DISABLE KEYS */;
/*!40000 ALTER TABLE `car_ad_to_audit` ENABLE KEYS */;
UNLOCK TABLES;

--
-- Table structure for table `car_admin`
--

DROP TABLE IF EXISTS `car_admin`;
/*!40101 SET @saved_cs_client     = @@character_set_client */;
/*!40101 SET character_set_client = utf8 */;
CREATE TABLE `car_admin` (
  `id` int(10) unsigned NOT NULL AUTO_INCREMENT,
  `name` varchar(45) NOT NULL DEFAULT '',
  `password` varchar(45) NOT NULL DEFAULT '',
  PRIMARY KEY (`id`),
  UNIQUE KEY `name_UNIQUE` (`name`)
) ENGINE=InnoDB AUTO_INCREMENT=3 DEFAULT CHARSET=utf8mb4;
/*!40101 SET character_set_client = @saved_cs_client */;

--
-- Dumping data for table `car_admin`
--

LOCK TABLES `car_admin` WRITE;
/*!40000 ALTER TABLE `car_admin` DISABLE KEYS */;
INSERT INTO `car_admin` VALUES (2,'admin','admin');
/*!40000 ALTER TABLE `car_admin` ENABLE KEYS */;
UNLOCK TABLES;

--
-- Table structure for table `car_advertiser`
--

DROP TABLE IF EXISTS `car_advertiser`;
/*!40101 SET @saved_cs_client     = @@character_set_client */;
/*!40101 SET character_set_client = utf8 */;
CREATE TABLE `car_advertiser` (
  `id` int(10) unsigned NOT NULL AUTO_INCREMENT,
  `name` varchar(45) NOT NULL DEFAULT '',
  `password` varchar(45) NOT NULL DEFAULT '',
  `email` varchar(45) NOT NULL,
  `phone` varchar(45) NOT NULL,
  `create_time` datetime DEFAULT NULL,
  `money` varchar(45) NOT NULL DEFAULT '0',
  `real_name` varchar(45) NOT NULL,
  `alipay` varchar(45) NOT NULL,
  `avatar` varchar(100) DEFAULT NULL,
  PRIMARY KEY (`id`),
  UNIQUE KEY `name_UNIQUE` (`name`),
  UNIQUE KEY `email_UNIQUE` (`email`),
  UNIQUE KEY `id_UNIQUE` (`id`)
) ENGINE=InnoDB AUTO_INCREMENT=21 DEFAULT CHARSET=utf8mb4;
/*!40101 SET character_set_client = @saved_cs_client */;

--
-- Dumping data for table `car_advertiser`
--

LOCK TABLES `car_advertiser` WRITE;
/*!40000 ALTER TABLE `car_advertiser` DISABLE KEYS */;
INSERT INTO `car_advertiser` VALUES (8,'测试账户','ww','5968@qq.com','ww',NULL,'0','ww','ww',NULL),(9,'ceshi','123','111@qq.com','123456114',NULL,'0','夏浩茗','阿斯顿',NULL),(10,'广告商测试1','1123','1123@qq.com','1522163151',NULL,'0','xhm','1234567498',NULL),(11,'11','1','1@qq.com','1',NULL,'0','1','1',NULL),(16,'qq','qq','qq@11.com','qq',NULL,'0','qq','qq',NULL),(20,'ceshi01','ceshi01','ceshi01@qq.com','ceshi01',NULL,'0','ceshi01','ceshi01',NULL);
/*!40000 ALTER TABLE `car_advertiser` ENABLE KEYS */;
UNLOCK TABLES;

--
-- Table structure for table `car_advertiser_login_record`
--

DROP TABLE IF EXISTS `car_advertiser_login_record`;
/*!40101 SET @saved_cs_client     = @@character_set_client */;
/*!40101 SET character_set_client = utf8 */;
CREATE TABLE `car_advertiser_login_record` (
  `id` int(10) NOT NULL AUTO_INCREMENT,
  `time` datetime NOT NULL,
  `advertiser_id` int(10) NOT NULL,
  PRIMARY KEY (`id`)
) ENGINE=InnoDB AUTO_INCREMENT=56 DEFAULT CHARSET=utf8mb4;
/*!40101 SET character_set_client = @saved_cs_client */;

--
-- Dumping data for table `car_advertiser_login_record`
--

LOCK TABLES `car_advertiser_login_record` WRITE;
/*!40000 ALTER TABLE `car_advertiser_login_record` DISABLE KEYS */;
INSERT INTO `car_advertiser_login_record` VALUES (1,'2016-05-03 10:30:57',8),(2,'2016-05-03 10:39:09',8),(3,'2016-05-03 11:00:16',8),(4,'2016-05-03 11:00:55',8),(5,'2016-05-03 11:23:52',8),(6,'2016-05-03 16:50:56',8),(7,'2016-05-03 16:51:49',8),(8,'2016-05-03 17:03:07',8),(9,'2016-05-03 17:03:52',8),(10,'2016-05-04 08:17:17',8),(11,'2016-05-04 08:17:17',8),(12,'2016-05-04 08:18:08',8),(13,'2016-05-04 15:19:06',8),(14,'2016-05-04 15:20:22',8),(15,'2016-05-04 15:30:11',8),(16,'2016-05-04 19:56:34',8),(17,'2016-05-04 19:58:36',8),(18,'2016-05-09 15:53:50',8),(19,'2016-05-09 16:01:31',8),(20,'2016-05-09 16:16:51',8),(21,'2016-05-11 12:26:42',8),(22,'2016-05-11 15:32:12',8),(23,'2016-05-11 16:03:22',8),(24,'2016-05-18 08:56:02',8),(25,'2016-05-18 08:59:01',8),(26,'2016-05-18 09:38:44',8),(27,'2016-05-18 15:25:14',8),(28,'2016-05-18 15:25:16',8),(29,'2016-05-18 15:28:11',8),(30,'2016-05-25 10:28:24',8),(31,'2016-05-25 10:56:02',8),(32,'2016-05-25 11:04:09',8),(33,'2016-05-27 15:55:15',8),(34,'2016-05-27 16:10:09',8),(35,'2016-05-27 16:11:28',8),(36,'2016-06-01 14:49:29',8),(37,'2016-06-01 15:39:56',8),(38,'2016-06-01 16:10:05',8),(39,'2016-06-01 16:16:10',8),(40,'2016-06-01 16:32:58',8),(41,'2016-06-01 16:33:04',8),(42,'2016-06-01 16:34:14',8),(43,'2016-06-01 16:34:24',8),(44,'2016-06-01 16:44:59',8),(45,'2016-06-01 16:45:55',8),(46,'2016-06-01 16:59:44',9),(47,'2016-06-01 17:00:57',9),(48,'2016-06-01 17:06:13',9),(49,'2016-06-07 10:02:41',10),(50,'2016-06-07 10:04:21',10),(51,'2016-06-07 10:22:52',11),(52,'2016-06-07 11:00:15',16),(53,'2016-06-07 11:03:45',9),(54,'2016-06-07 11:11:52',20),(55,'2016-06-07 11:12:59',20);
/*!40000 ALTER TABLE `car_advertiser_login_record` ENABLE KEYS */;
UNLOCK TABLES;

--
-- Table structure for table `car_income_and_expense`
--

DROP TABLE IF EXISTS `car_income_and_expense`;
/*!40101 SET @saved_cs_client     = @@character_set_client */;
/*!40101 SET character_set_client = utf8 */;
CREATE TABLE `car_income_and_expense` (
  `id` int(10) NOT NULL AUTO_INCREMENT,
  `time` datetime NOT NULL,
  `if_income` tinyint(1) NOT NULL,
  `if_expense` tinyint(1) NOT NULL,
  `amount` varchar(45) CHARACTER SET latin1 NOT NULL,
  PRIMARY KEY (`id`)
) ENGINE=InnoDB AUTO_INCREMENT=26 DEFAULT CHARSET=utf8mb4;
/*!40101 SET character_set_client = @saved_cs_client */;

--
-- Dumping data for table `car_income_and_expense`
--

LOCK TABLES `car_income_and_expense` WRITE;
/*!40000 ALTER TABLE `car_income_and_expense` DISABLE KEYS */;
INSERT INTO `car_income_and_expense` VALUES (1,'2016-05-03 11:01:31',1,0,'5000'),(2,'2016-05-03 11:24:24',1,0,'60000'),(3,'2016-05-03 16:51:27',1,0,'5000'),(4,'2016-05-03 17:04:28',1,0,'10000'),(5,'2016-05-04 08:17:55',1,0,'5000'),(6,'2016-05-04 15:21:13',1,0,'500'),(7,'2016-05-04 15:31:11',1,0,'5000'),(8,'2016-05-04 19:58:12',1,0,'50000'),(9,'2016-05-18 08:44:56',0,1,'5000'),(10,'2016-05-18 08:44:58',0,1,'5000'),(11,'2016-05-18 09:32:17',1,0,'100'),(12,'2016-05-18 09:39:48',1,0,'100'),(13,'2016-05-18 09:42:18',0,1,'5000'),(14,'2016-05-18 12:24:35',0,1,'5000'),(15,'2016-05-18 12:24:56',0,1,'5000'),(16,'2016-05-18 12:25:09',0,1,'5000'),(17,'2016-05-18 12:28:58',0,1,'5000'),(18,'2016-05-27 16:11:21',1,0,'5000'),(19,'2016-05-27 16:25:52',1,0,'5000'),(20,'2016-06-01 15:42:10',1,0,'5000'),(21,'2016-06-01 16:48:20',1,0,'5000'),(22,'2016-06-01 17:05:57',1,0,'5000'),(23,'2016-06-07 10:04:00',1,0,'5000'),(24,'2016-06-07 11:07:08',1,0,'1000000'),(25,'2016-06-07 11:12:37',1,0,'1000');
/*!40000 ALTER TABLE `car_income_and_expense` ENABLE KEYS */;
UNLOCK TABLES;

--
-- Table structure for table `car_order`
--

DROP TABLE IF EXISTS `car_order`;
/*!40101 SET @saved_cs_client     = @@character_set_client */;
/*!40101 SET character_set_client = utf8 */;
CREATE TABLE `car_order` (
  `id` int(10) NOT NULL AUTO_INCREMENT,
  `create_time` datetime NOT NULL,
  `status` tinyint(11) NOT NULL,
  `update_time` datetime NOT NULL,
  `per_price` varchar(45) NOT NULL,
  `start_time` datetime NOT NULL,
  `end_time` datetime NOT NULL,
  `ad_id` varchar(45) DEFAULT NULL,
  `advertiser_id` int(11) NOT NULL,
  `user_id` int(11) NOT NULL,
  `region_info` varchar(100) NOT NULL,
  `context` varchar(999) NOT NULL DEFAULT 'No message',
  PRIMARY KEY (`id`),
  UNIQUE KEY `id_UNIQUE` (`id`),
  KEY `create_time` (`create_time`)
) ENGINE=InnoDB AUTO_INCREMENT=1290 DEFAULT CHARSET=utf8mb4;
/*!40101 SET character_set_client = @saved_cs_client */;

--
-- Dumping data for table `car_order`
--

LOCK TABLES `car_order` WRITE;
/*!40000 ALTER TABLE `car_order` DISABLE KEYS */;
INSERT INTO `car_order` VALUES (1000,'2016-06-01 12:45:54',1,'2016-06-01 12:45:54','0.01','2016-06-01 12:45:54','2016-06-01 12:45:54','17',8,11,'公司企业','ww'),(1001,'2016-06-01 12:46:04',1,'2016-06-01 12:46:04','0.01','2016-06-01 12:46:04','2016-06-01 12:46:04','17',8,11,'公司企业','ww'),(1002,'2016-06-01 12:46:14',1,'2016-06-01 12:46:14','0.01','2016-06-01 12:46:14','2016-06-01 12:46:14','17',8,11,'公司企业','ww'),(1003,'2016-06-01 12:46:24',1,'2016-06-01 12:46:24','0.01','2016-06-01 12:46:24','2016-06-01 12:46:24','17',8,11,'公司企业','ww'),(1004,'2016-06-01 12:46:34',1,'2016-06-01 12:46:34','0.01','2016-06-01 12:46:34','2016-06-01 12:46:34','17',8,11,'公司企业','ww'),(1005,'2016-06-01 12:46:44',1,'2016-06-01 12:46:44','0.01','2016-06-01 12:46:44','2016-06-01 12:46:44','17',8,11,'公司企业','ww'),(1006,'2016-06-01 12:46:54',1,'2016-06-01 12:46:54','0.01','2016-06-01 12:46:54','2016-06-01 12:46:54','17',8,11,'公司企业','ww'),(1007,'2016-06-01 12:47:04',1,'2016-06-01 12:47:04','0.01','2016-06-01 12:47:04','2016-06-01 12:47:04','17',8,11,'公司企业','ww'),(1008,'2016-06-01 12:47:14',1,'2016-06-01 12:47:14','0.01','2016-06-01 12:47:14','2016-06-01 12:47:14','17',8,11,'公司企业','ww'),(1009,'2016-06-01 12:47:24',1,'2016-06-01 12:47:24','0.01','2016-06-01 12:47:24','2016-06-01 12:47:24','17',8,11,'公司企业','ww'),(1010,'2016-06-01 12:47:34',1,'2016-06-01 12:47:34','0.01','2016-06-01 12:47:34','2016-06-01 12:47:34','17',8,11,'公司企业','ww'),(1011,'2016-06-01 12:47:44',1,'2016-06-01 12:47:44','0.01','2016-06-01 12:47:44','2016-06-01 12:47:44','17',8,11,'公司企业','ww'),(1012,'2016-06-01 12:47:54',1,'2016-06-01 12:47:54','0.01','2016-06-01 12:47:54','2016-06-01 12:47:54','17',8,11,'公司企业','ww'),(1013,'2016-06-01 12:48:04',1,'2016-06-01 12:48:04','0.01','2016-06-01 12:48:04','2016-06-01 12:48:04','17',8,11,'公司企业','ww'),(1014,'2016-06-01 12:48:14',1,'2016-06-01 12:48:14','0.01','2016-06-01 12:48:14','2016-06-01 12:48:14','17',8,11,'公司企业','ww'),(1015,'2016-06-01 12:48:24',1,'2016-06-01 12:48:24','0.01','2016-06-01 12:48:24','2016-06-01 12:48:24','17',8,11,'公司企业','ww'),(1016,'2016-06-01 12:48:34',1,'2016-06-01 12:48:34','0.01','2016-06-01 12:48:34','2016-06-01 12:48:34','17',8,11,'公司企业','ww'),(1017,'2016-06-01 12:48:44',1,'2016-06-01 12:48:44','0.01','2016-06-01 12:48:44','2016-06-01 12:48:44','17',8,11,'公司企业','ww'),(1018,'2016-06-01 12:48:54',1,'2016-06-01 12:48:54','0.01','2016-06-01 12:48:54','2016-06-01 12:48:54','17',8,11,'公司企业','ww'),(1019,'2016-06-01 12:49:04',1,'2016-06-01 12:49:04','0.01','2016-06-01 12:49:04','2016-06-01 12:49:04','17',8,11,'公司企业','ww'),(1020,'2016-06-01 12:49:14',1,'2016-06-01 12:49:14','0.01','2016-06-01 12:49:14','2016-06-01 12:49:14','17',8,11,'公司企业','ww'),(1021,'2016-06-01 12:49:24',1,'2016-06-01 12:49:24','0.01','2016-06-01 12:49:24','2016-06-01 12:49:24','17',8,11,'公司企业','ww'),(1022,'2016-06-01 12:49:34',1,'2016-06-01 12:49:34','0.01','2016-06-01 12:49:34','2016-06-01 12:49:34','17',8,11,'公司企业','ww'),(1023,'2016-06-01 12:49:44',1,'2016-06-01 12:49:44','0.01','2016-06-01 12:49:44','2016-06-01 12:49:44','17',8,11,'公司企业','ww'),(1024,'2016-06-01 12:49:54',1,'2016-06-01 12:49:54','0.01','2016-06-01 12:49:54','2016-06-01 12:49:54','17',8,11,'公司企业','ww'),(1025,'2016-06-01 12:50:04',1,'2016-06-01 12:50:04','0.01','2016-06-01 12:50:04','2016-06-01 12:50:04','17',8,11,'公司企业','ww'),(1026,'2016-06-01 12:50:14',1,'2016-06-01 12:50:14','0.01','2016-06-01 12:50:14','2016-06-01 12:50:14','17',8,11,'公司企业','ww'),(1027,'2016-06-01 12:50:24',1,'2016-06-01 12:50:24','0.01','2016-06-01 12:50:24','2016-06-01 12:50:24','17',8,11,'公司企业','ww'),(1028,'2016-06-01 12:50:34',1,'2016-06-01 12:50:34','0.01','2016-06-01 12:50:34','2016-06-01 12:50:34','17',8,11,'公司企业','ww'),(1029,'2016-06-01 12:50:44',1,'2016-06-01 12:50:44','0.01','2016-06-01 12:50:44','2016-06-01 12:50:44','17',8,11,'公司企业','ww'),(1030,'2016-06-01 12:50:54',1,'2016-06-01 12:50:54','0.01','2016-06-01 12:50:54','2016-06-01 12:50:54','17',8,11,'公司企业','ww'),(1031,'2016-06-01 12:51:04',1,'2016-06-01 12:51:04','0.01','2016-06-01 12:51:04','2016-06-01 12:51:04','17',8,11,'公司企业','ww'),(1032,'2016-06-01 12:51:14',1,'2016-06-01 12:51:14','0.01','2016-06-01 12:51:14','2016-06-01 12:51:14','17',8,11,'公司企业','ww'),(1033,'2016-06-01 12:51:24',1,'2016-06-01 12:51:24','0.01','2016-06-01 12:51:24','2016-06-01 12:51:24','17',8,11,'公司企业','ww'),(1034,'2016-06-01 12:51:34',1,'2016-06-01 12:51:34','0.01','2016-06-01 12:51:34','2016-06-01 12:51:34','17',8,11,'公司企业','ww'),(1035,'2016-06-01 12:51:44',1,'2016-06-01 12:51:44','0.01','2016-06-01 12:51:44','2016-06-01 12:51:44','17',8,11,'公司企业','ww'),(1036,'2016-06-01 12:51:54',1,'2016-06-01 12:51:54','0.01','2016-06-01 12:51:54','2016-06-01 12:51:54','17',8,11,'公司企业','ww'),(1037,'2016-06-01 12:52:04',1,'2016-06-01 12:52:04','0.01','2016-06-01 12:52:04','2016-06-01 12:52:04','17',8,11,'公司企业','ww'),(1038,'2016-06-01 12:52:14',1,'2016-06-01 12:52:14','0.01','2016-06-01 12:52:14','2016-06-01 12:52:14','17',8,11,'公司企业','ww'),(1039,'2016-06-01 12:52:24',1,'2016-06-01 12:52:24','0.01','2016-06-01 12:52:24','2016-06-01 12:52:24','17',8,11,'公司企业','ww'),(1040,'2016-06-01 12:52:34',1,'2016-06-01 12:52:34','0.01','2016-06-01 12:52:34','2016-06-01 12:52:34','17',8,11,'公司企业','ww'),(1041,'2016-06-01 12:52:44',1,'2016-06-01 12:52:44','0.01','2016-06-01 12:52:44','2016-06-01 12:52:44','17',8,11,'公司企业','ww'),(1042,'2016-06-01 12:52:54',1,'2016-06-01 12:52:54','0.01','2016-06-01 12:52:54','2016-06-01 12:52:54','17',8,11,'公司企业','ww'),(1043,'2016-06-01 12:53:04',1,'2016-06-01 12:53:04','0.01','2016-06-01 12:53:04','2016-06-01 12:53:04','17',8,11,'公司企业','ww'),(1044,'2016-06-01 12:53:14',1,'2016-06-01 12:53:14','0.01','2016-06-01 12:53:14','2016-06-01 12:53:14','17',8,11,'公司企业','ww'),(1045,'2016-06-01 12:53:24',1,'2016-06-01 12:53:24','0.01','2016-06-01 12:53:24','2016-06-01 12:53:24','17',8,11,'公司企业','ww'),(1046,'2016-06-01 12:53:34',1,'2016-06-01 12:53:34','0.01','2016-06-01 12:53:34','2016-06-01 12:53:34','17',8,11,'公司企业','ww'),(1047,'2016-06-01 12:53:44',1,'2016-06-01 12:53:44','0.01','2016-06-01 12:53:44','2016-06-01 12:53:44','17',8,11,'公司企业','ww'),(1048,'2016-06-01 12:53:54',1,'2016-06-01 12:53:54','0.01','2016-06-01 12:53:54','2016-06-01 12:53:54','17',8,11,'公司企业','ww'),(1049,'2016-06-01 12:54:04',1,'2016-06-01 12:54:04','0.01','2016-06-01 12:54:04','2016-06-01 12:54:04','17',8,11,'公司企业','ww'),(1050,'2016-06-01 12:54:14',1,'2016-06-01 12:54:14','0.01','2016-06-01 12:54:14','2016-06-01 12:54:14','17',8,11,'公司企业','ww'),(1051,'2016-06-01 12:54:24',1,'2016-06-01 12:54:24','0.01','2016-06-01 12:54:24','2016-06-01 12:54:24','17',8,11,'公司企业','ww'),(1052,'2016-06-01 12:54:34',1,'2016-06-01 12:54:34','0.01','2016-06-01 12:54:34','2016-06-01 12:54:34','17',8,11,'公司企业','ww'),(1053,'2016-06-01 12:54:44',1,'2016-06-01 12:54:44','0.01','2016-06-01 12:54:44','2016-06-01 12:54:44','17',8,11,'公司企业','ww'),(1054,'2016-06-01 12:54:54',1,'2016-06-01 12:54:54','0.01','2016-06-01 12:54:54','2016-06-01 12:54:54','17',8,11,'公司企业','ww'),(1055,'2016-06-01 12:55:04',1,'2016-06-01 12:55:04','0.01','2016-06-01 12:55:04','2016-06-01 12:55:04','17',8,11,'公司企业','ww'),(1056,'2016-06-01 12:55:14',1,'2016-06-01 12:55:14','0.01','2016-06-01 12:55:14','2016-06-01 12:55:14','17',8,11,'公司企业','ww'),(1057,'2016-06-01 12:55:24',1,'2016-06-01 12:55:24','0.01','2016-06-01 12:55:24','2016-06-01 12:55:24','27',8,11,'汽车服务','科教文化服务content1'),(1058,'2016-06-01 12:55:34',1,'2016-06-01 12:55:34','0.01','2016-06-01 12:55:34','2016-06-01 12:55:34','28',8,11,'科教文化服务','学校测试01'),(1059,'2016-06-01 12:55:44',1,'2016-06-01 12:55:44','0.01','2016-06-01 12:55:44','2016-06-01 12:55:44','28',8,11,'科教文化服务','学校测试01'),(1060,'2016-06-01 12:55:50',1,'2016-06-01 12:55:50','0.01','2016-06-01 12:55:50','2016-06-01 12:55:50','12',8,11,'交通设施服务','士力架!'),(1061,'2016-06-01 12:55:54',1,'2016-06-01 12:55:54','0.01','2016-06-01 12:55:54','2016-06-01 12:55:54','12',8,11,'交通设施服务','士力架!'),(1062,'2016-06-01 13:06:40',1,'2016-06-01 13:06:40','0.01','2016-06-01 13:06:40','2016-06-01 13:06:40','14',8,11,'公共设施','ewresr'),(1063,'2016-06-01 13:06:50',1,'2016-06-01 13:06:50','0.01','2016-06-01 13:06:50','2016-06-01 13:06:50','14',8,11,'公共设施','ewresr'),(1064,'2016-06-01 13:07:00',1,'2016-06-01 13:07:00','0.01','2016-06-01 13:07:00','2016-06-01 13:07:00','20',8,11,'医疗保健服务','test'),(1065,'2016-06-01 13:07:10',1,'2016-06-01 13:07:10','0.01','2016-06-01 13:07:10','2016-06-01 13:07:10','20',8,11,'医疗保健服务','test'),(1066,'2016-06-01 14:50:56',1,'2016-06-01 14:50:56','0.01','2016-06-01 14:50:56','2016-06-01 14:50:56','5',8,11,'汽车服务','[汽车] 只要998！'),(1067,'2016-06-01 14:50:57',1,'2016-06-01 14:50:57','0.01','2016-06-01 14:50:57','2016-06-01 14:50:57','5',8,11,'汽车服务','[汽车] 只要998！'),(1068,'2016-06-01 14:50:57',1,'2016-06-01 14:50:57','0.01','2016-06-01 14:50:57','2016-06-01 14:50:57','5',8,11,'汽车服务','[汽车] 只要998！'),(1069,'2016-06-01 14:50:59',1,'2016-06-01 14:50:59','0.01','2016-06-01 14:50:59','2016-06-01 14:50:59','9',8,11,'科教文化服务','[科教] 挖掘机技术哪家强,中国上海找南翔'),(1070,'2016-06-01 14:51:04',1,'2016-06-01 14:51:04','0.01','2016-06-01 14:51:04','2016-06-01 14:51:04','8',8,11,'购物服务','[购物] 煮酒论英雄才子赢天下    '),(1071,'2016-06-01 14:51:06',1,'2016-06-01 14:51:06','0.01','2016-06-01 14:51:06','2016-06-01 14:51:06','8',8,11,'购物服务','[购物] 煮酒论英雄才子赢天下    '),(1072,'2016-06-01 14:51:07',1,'2016-06-01 14:51:07','0.01','2016-06-01 14:51:07','2016-06-01 14:51:07','8',8,11,'购物服务','[购物] 煮酒论英雄才子赢天下    '),(1073,'2016-06-01 14:51:07',1,'2016-06-01 14:51:07','0.01','2016-06-01 14:51:07','2016-06-01 14:51:07','8',8,11,'购物服务','[购物] 煮酒论英雄才子赢天下    '),(1074,'2016-06-01 14:51:09',1,'2016-06-01 14:51:09','0.01','2016-06-01 14:51:09','2016-06-01 14:51:09','27',8,11,'汽车服务','[汽车] 科教文化服务content1'),(1075,'2016-06-01 14:51:14',1,'2016-06-01 14:51:14','0.01','2016-06-01 14:51:14','2016-06-01 14:51:14','9',8,11,'科教文化服务','[科教] 挖掘机技术哪家强,中国上海找南翔'),(1076,'2016-06-01 14:51:16',1,'2016-06-01 14:51:16','0.01','2016-06-01 14:51:16','2016-06-01 14:51:16','9',8,11,'科教文化服务','[科教] 挖掘机技术哪家强,中国上海找南翔'),(1077,'2016-06-01 14:51:17',1,'2016-06-01 14:51:17','0.01','2016-06-01 14:51:17','2016-06-01 14:51:17','9',8,11,'科教文化服务','[科教] 挖掘机技术哪家强,中国上海找南翔'),(1078,'2016-06-01 14:51:17',1,'2016-06-01 14:51:17','0.01','2016-06-01 14:51:17','2016-06-01 14:51:17','9',8,11,'科教文化服务','[科教] 挖掘机技术哪家强,中国上海找南翔'),(1079,'2016-06-01 14:51:19',1,'2016-06-01 14:51:19','0.01','2016-06-01 14:51:19','2016-06-01 14:51:19','5',8,11,'汽车服务','[汽车] 只要998！'),(1080,'2016-06-01 14:51:24',1,'2016-06-01 14:51:24','0.01','2016-06-01 14:51:24','2016-06-01 14:51:24','5',8,11,'汽车服务','[汽车] 只要998！'),(1081,'2016-06-01 14:51:26',1,'2016-06-01 14:51:26','0.01','2016-06-01 14:51:26','2016-06-01 14:51:26','5',8,11,'汽车服务','[汽车] 只要998！'),(1082,'2016-06-01 14:51:27',1,'2016-06-01 14:51:27','0.01','2016-06-01 14:51:27','2016-06-01 14:51:27','5',8,11,'汽车服务','[汽车] 只要998！'),(1083,'2016-06-01 14:51:27',1,'2016-06-01 14:51:27','0.01','2016-06-01 14:51:27','2016-06-01 14:51:27','5',8,11,'汽车服务','[汽车] 只要998！'),(1084,'2016-06-01 14:51:29',1,'2016-06-01 14:51:29','0.01','2016-06-01 14:51:29','2016-06-01 14:51:29','5',8,11,'汽车服务','[汽车] 只要998！'),(1085,'2016-06-01 14:52:49',1,'2016-06-01 14:52:49','0.01','2016-06-01 14:52:49','2016-06-01 14:52:49','12',8,11,'生活服务','[生活] 士力架!'),(1086,'2016-06-01 14:52:59',1,'2016-06-01 14:52:59','0.01','2016-06-01 14:52:59','2016-06-01 14:52:59','1',1,11,'餐饮服务','[餐饮] 肯德基吮指原味鸡，就在曹安公路4800号！'),(1087,'2016-06-01 14:53:09',1,'2016-06-01 14:53:09','0.01','2016-06-01 14:53:09','2016-06-01 14:53:09','1',1,11,'餐饮服务','[餐饮] 肯德基吮指原味鸡，就在曹安公路4800号！'),(1088,'2016-06-01 14:53:19',1,'2016-06-01 14:53:19','0.01','2016-06-01 14:53:19','2016-06-01 14:53:19','10',8,11,'购物服务','[购物] 海鲜!'),(1089,'2016-06-01 14:53:29',1,'2016-06-01 14:53:29','0.01','2016-06-01 14:53:29','2016-06-01 14:53:29','13',8,11,'餐饮服务','[餐饮] 焦糖!巧克力!'),(1090,'2016-06-01 14:55:00',1,'2016-06-01 14:55:00','0.01','2016-06-01 14:55:00','2016-06-01 14:55:00','3',1,11,'风景名胜','[风景] 水可载舟,亦可赛艇.'),(1091,'2016-06-01 14:55:10',1,'2016-06-01 14:55:10','0.01','2016-06-01 14:55:10','2016-06-01 14:55:10','3',1,11,'风景名胜','[风景] 水可载舟,亦可赛艇.'),(1092,'2016-06-01 14:55:20',1,'2016-06-01 14:55:20','0.01','2016-06-01 14:55:20','2016-06-01 14:55:20','3',1,11,'风景名胜','[风景] 水可载舟,亦可赛艇.'),(1093,'2016-06-01 14:55:30',1,'2016-06-01 14:55:30','0.01','2016-06-01 14:55:30','2016-06-01 14:55:30','3',1,11,'风景名胜','[风景] 水可载舟,亦可赛艇.'),(1094,'2016-06-01 14:55:40',1,'2016-06-01 14:55:40','0.01','2016-06-01 14:55:40','2016-06-01 14:55:40','3',1,11,'风景名胜','[风景] 水可载舟,亦可赛艇.'),(1095,'2016-06-01 14:55:50',1,'2016-06-01 14:55:50','0.01','2016-06-01 14:55:50','2016-06-01 14:55:50','3',1,11,'风景名胜','[风景] 水可载舟,亦可赛艇.'),(1096,'2016-06-01 14:56:00',1,'2016-06-01 14:56:00','0.01','2016-06-01 14:56:00','2016-06-01 14:56:00','3',1,11,'风景名胜','[风景] 水可载舟,亦可赛艇.'),(1097,'2016-06-01 14:56:10',1,'2016-06-01 14:56:10','0.01','2016-06-01 14:56:10','2016-06-01 14:56:10','3',1,11,'风景名胜','[风景] 水可载舟,亦可赛艇.'),(1098,'2016-06-01 14:56:20',1,'2016-06-01 14:56:20','0.01','2016-06-01 14:56:20','2016-06-01 14:56:20','3',1,11,'风景名胜','[风景] 水可载舟,亦可赛艇.'),(1099,'2016-06-01 14:56:30',1,'2016-06-01 14:56:30','0.01','2016-06-01 14:56:30','2016-06-01 14:56:30','3',1,11,'风景名胜','[风景] 水可载舟,亦可赛艇.'),(1100,'2016-06-01 14:56:40',1,'2016-06-01 14:56:40','0.01','2016-06-01 14:56:40','2016-06-01 14:56:40','3',1,11,'风景名胜','[风景] 水可载舟,亦可赛艇.'),(1101,'2016-06-01 14:56:49',1,'2016-06-01 14:56:49','0.01','2016-06-01 14:56:49','2016-06-01 14:56:49','3',1,11,'风景名胜','[风景] 水可载舟,亦可赛艇.'),(1102,'2016-06-01 14:56:50',1,'2016-06-01 14:56:50','0.01','2016-06-01 14:56:50','2016-06-01 14:56:50','3',1,11,'风景名胜','[风景] 水可载舟,亦可赛艇.'),(1103,'2016-06-01 14:56:59',1,'2016-06-01 14:56:59','0.01','2016-06-01 14:56:59','2016-06-01 14:56:59','3',1,11,'风景名胜','[风景] 水可载舟,亦可赛艇.'),(1104,'2016-06-01 14:57:00',1,'2016-06-01 14:57:00','0.01','2016-06-01 14:57:00','2016-06-01 14:57:00','3',1,11,'风景名胜','[风景] 水可载舟,亦可赛艇.'),(1105,'2016-06-01 14:57:09',1,'2016-06-01 14:57:09','0.01','2016-06-01 14:57:09','2016-06-01 14:57:09','26',8,11,'生活服务','[生活] 成功'),(1106,'2016-06-01 14:57:10',1,'2016-06-01 14:57:10','0.01','2016-06-01 14:57:10','2016-06-01 14:57:10','26',8,11,'生活服务','[生活] 成功'),(1107,'2016-06-01 14:57:19',1,'2016-06-01 14:57:19','0.01','2016-06-01 14:57:19','2016-06-01 14:57:19','26',8,11,'生活服务','[生活] 成功'),(1108,'2016-06-01 14:57:20',1,'2016-06-01 14:57:20','0.01','2016-06-01 14:57:20','2016-06-01 14:57:20','26',8,11,'生活服务','[生活] 成功'),(1109,'2016-06-01 14:57:29',1,'2016-06-01 14:57:29','0.01','2016-06-01 14:57:29','2016-06-01 14:57:29','26',8,11,'生活服务','[生活] 成功'),(1110,'2016-06-01 14:57:30',1,'2016-06-01 14:57:30','0.01','2016-06-01 14:57:30','2016-06-01 14:57:30','26',8,11,'生活服务','[生活] 成功'),(1111,'2016-06-01 14:57:39',1,'2016-06-01 14:57:39','0.01','2016-06-01 14:57:39','2016-06-01 14:57:39','26',8,11,'生活服务','[生活] 成功'),(1112,'2016-06-01 14:57:40',1,'2016-06-01 14:57:40','0.01','2016-06-01 14:57:40','2016-06-01 14:57:40','26',8,11,'生活服务','[生活] 成功'),(1113,'2016-06-01 14:57:49',1,'2016-06-01 14:57:49','0.01','2016-06-01 14:57:49','2016-06-01 14:57:49','26',8,11,'生活服务','[生活] 成功'),(1114,'2016-06-01 14:57:50',1,'2016-06-01 14:57:50','0.01','2016-06-01 14:57:50','2016-06-01 14:57:50','26',8,11,'生活服务','[生活] 成功'),(1115,'2016-06-01 14:57:59',1,'2016-06-01 14:57:59','0.01','2016-06-01 14:57:59','2016-06-01 14:57:59','26',8,11,'生活服务','[生活] 成功'),(1116,'2016-06-01 14:58:00',1,'2016-06-01 14:58:00','0.01','2016-06-01 14:58:00','2016-06-01 14:58:00','26',8,11,'生活服务','[生活] 成功'),(1117,'2016-06-01 14:58:09',1,'2016-06-01 14:58:09','0.01','2016-06-01 14:58:09','2016-06-01 14:58:09','26',8,11,'生活服务','[生活] 成功'),(1118,'2016-06-01 14:58:10',1,'2016-06-01 14:58:10','0.01','2016-06-01 14:58:10','2016-06-01 14:58:10','26',8,11,'生活服务','[生活] 成功'),(1119,'2016-06-01 14:58:19',1,'2016-06-01 14:58:19','0.01','2016-06-01 14:58:19','2016-06-01 14:58:19','26',8,11,'生活服务','[生活] 成功'),(1120,'2016-06-01 14:58:20',1,'2016-06-01 14:58:20','0.01','2016-06-01 14:58:20','2016-06-01 14:58:20','26',8,11,'生活服务','[生活] 成功'),(1121,'2016-06-01 14:58:29',1,'2016-06-01 14:58:29','0.01','2016-06-01 14:58:29','2016-06-01 14:58:29','26',8,11,'生活服务','[生活] 成功'),(1122,'2016-06-01 14:58:30',1,'2016-06-01 14:58:30','0.01','2016-06-01 14:58:30','2016-06-01 14:58:30','26',8,11,'生活服务','[生活] 成功'),(1123,'2016-06-01 14:58:39',1,'2016-06-01 14:58:39','0.01','2016-06-01 14:58:39','2016-06-01 14:58:39','26',8,11,'生活服务','[生活] 成功'),(1124,'2016-06-01 14:58:40',1,'2016-06-01 14:58:40','0.01','2016-06-01 14:58:40','2016-06-01 14:58:40','26',8,11,'生活服务','[生活] 成功'),(1125,'2016-06-01 14:58:49',1,'2016-06-01 14:58:49','0.01','2016-06-01 14:58:49','2016-06-01 14:58:49','26',8,11,'生活服务','[生活] 成功'),(1126,'2016-06-01 14:58:50',1,'2016-06-01 14:58:50','0.01','2016-06-01 14:58:50','2016-06-01 14:58:50','26',8,11,'生活服务','[生活] 成功'),(1127,'2016-06-01 14:58:59',1,'2016-06-01 14:58:59','0.01','2016-06-01 14:58:59','2016-06-01 14:58:59','26',8,11,'生活服务','[生活] 成功'),(1128,'2016-06-01 14:59:00',1,'2016-06-01 14:59:00','0.01','2016-06-01 14:59:00','2016-06-01 14:59:00','26',8,11,'生活服务','[生活] 成功'),(1129,'2016-06-01 14:59:09',1,'2016-06-01 14:59:09','0.01','2016-06-01 14:59:09','2016-06-01 14:59:09','26',8,11,'生活服务','[生活] 成功'),(1130,'2016-06-01 14:59:10',1,'2016-06-01 14:59:10','0.01','2016-06-01 14:59:10','2016-06-01 14:59:10','26',8,11,'生活服务','[生活] 成功'),(1131,'2016-06-01 14:59:19',1,'2016-06-01 14:59:19','0.01','2016-06-01 14:59:19','2016-06-01 14:59:19','26',8,11,'生活服务','[生活] 成功'),(1132,'2016-06-01 14:59:20',1,'2016-06-01 14:59:20','0.01','2016-06-01 14:59:20','2016-06-01 14:59:20','26',8,11,'生活服务','[生活] 成功'),(1133,'2016-06-01 14:59:29',1,'2016-06-01 14:59:29','0.01','2016-06-01 14:59:29','2016-06-01 14:59:29','26',8,11,'生活服务','[生活] 成功'),(1134,'2016-06-01 14:59:30',1,'2016-06-01 14:59:30','0.01','2016-06-01 14:59:30','2016-06-01 14:59:30','26',8,11,'生活服务','[生活] 成功'),(1135,'2016-06-01 15:09:28',1,'2016-06-01 15:09:28','0.01','2016-06-01 15:09:28','2016-06-01 15:09:28','26',8,11,'生活服务','[生活] 成功'),(1136,'2016-06-01 15:09:38',1,'2016-06-01 15:09:38','0.01','2016-06-01 15:09:38','2016-06-01 15:09:38','26',8,11,'生活服务','[生活] 成功'),(1137,'2016-06-01 15:09:48',1,'2016-06-01 15:09:48','0.01','2016-06-01 15:09:48','2016-06-01 15:09:48','26',8,11,'生活服务','[生活] 成功'),(1138,'2016-06-01 15:09:58',1,'2016-06-01 15:09:58','0.01','2016-06-01 15:09:58','2016-06-01 15:09:58','26',8,11,'生活服务','[生活] 成功'),(1139,'2016-06-01 15:10:08',1,'2016-06-01 15:10:08','0.01','2016-06-01 15:10:08','2016-06-01 15:10:08','26',8,11,'生活服务','[生活] 成功'),(1140,'2016-06-01 15:10:18',1,'2016-06-01 15:10:18','0.01','2016-06-01 15:10:18','2016-06-01 15:10:18','26',8,11,'生活服务','[生活] 成功'),(1141,'2016-06-01 15:11:40',1,'2016-06-01 15:11:40','0.01','2016-06-01 15:11:40','2016-06-01 15:11:40','26',8,11,'生活服务','[生活] 成功'),(1142,'2016-06-01 15:11:50',1,'2016-06-01 15:11:50','0.01','2016-06-01 15:11:50','2016-06-01 15:11:50','10',8,11,'购物服务','[购物] 海鲜!'),(1143,'2016-06-01 15:12:00',1,'2016-06-01 15:12:00','0.01','2016-06-01 15:12:00','2016-06-01 15:12:00','4',1,11,'医疗保健服务','[医疗] So Easy!'),(1144,'2016-06-01 15:34:21',1,'2016-06-01 15:34:21','0.01','2016-06-01 15:34:21','2016-06-01 15:34:21','27',8,11,'汽车服务','[汽车] 科教文化服务content1'),(1145,'2016-06-01 15:34:31',1,'2016-06-01 15:34:31','0.01','2016-06-01 15:34:31','2016-06-01 15:34:31','8',8,11,'购物服务','[购物] 煮酒论英雄才子赢天下    '),(1146,'2016-06-01 15:34:41',1,'2016-06-01 15:34:41','0.01','2016-06-01 15:34:41','2016-06-01 15:34:41','13',8,11,'餐饮服务','[餐饮] 焦糖!巧克力!'),(1147,'2016-06-01 15:34:51',1,'2016-06-01 15:34:51','0.01','2016-06-01 15:34:51','2016-06-01 15:34:51','12',8,11,'生活服务','[生活] 士力架!'),(1148,'2016-06-01 15:35:01',1,'2016-06-01 15:35:01','0.01','2016-06-01 15:35:01','2016-06-01 15:35:01','12',8,11,'生活服务','[生活] 士力架!'),(1149,'2016-06-01 15:35:11',1,'2016-06-01 15:35:11','0.01','2016-06-01 15:35:11','2016-06-01 15:35:11','12',8,11,'生活服务','[生活] 士力架!'),(1150,'2016-06-01 15:35:21',1,'2016-06-01 15:35:21','0.01','2016-06-01 15:35:21','2016-06-01 15:35:21','10',8,11,'购物服务','[购物] 海鲜!'),(1151,'2016-06-01 15:35:31',1,'2016-06-01 15:35:31','0.01','2016-06-01 15:35:31','2016-06-01 15:35:31','17',8,11,'公司企业','[公司] 世界因你而广阔    '),(1152,'2016-06-01 15:35:41',1,'2016-06-01 15:35:41','0.01','2016-06-01 15:35:41','2016-06-01 15:35:41','2',1,11,'科教文化服务','[科教] 学厨师，就到新东方烹饪学校！'),(1153,'2016-06-01 15:35:51',1,'2016-06-01 15:35:51','0.01','2016-06-01 15:35:51','2016-06-01 15:35:51','17',8,11,'公司企业','[公司] 世界因你而广阔    '),(1154,'2016-06-01 15:36:01',1,'2016-06-01 15:36:01','0.01','2016-06-01 15:36:01','2016-06-01 15:36:01','1',1,11,'餐饮服务','[餐饮] 肯德基吮指原味鸡，就在曹安公路4800号！'),(1155,'2016-06-01 15:36:11',1,'2016-06-01 15:36:11','0.01','2016-06-01 15:36:11','2016-06-01 15:36:11','26',8,11,'生活服务','[生活] 成功'),(1156,'2016-06-01 15:36:21',1,'2016-06-01 15:36:21','0.01','2016-06-01 15:36:21','2016-06-01 15:36:21','26',8,11,'生活服务','[生活] 成功'),(1157,'2016-06-01 15:36:31',1,'2016-06-01 15:36:31','0.01','2016-06-01 15:36:31','2016-06-01 15:36:31','26',8,11,'生活服务','[生活] 成功'),(1158,'2016-06-01 15:36:41',1,'2016-06-01 15:36:41','0.01','2016-06-01 15:36:41','2016-06-01 15:36:41','26',8,11,'生活服务','[生活] 成功'),(1159,'2016-06-01 15:36:51',1,'2016-06-01 15:36:51','0.01','2016-06-01 15:36:51','2016-06-01 15:36:51','26',8,11,'生活服务','[生活] 成功'),(1160,'2016-06-01 15:37:31',1,'2016-06-01 15:37:31','0.01','2016-06-01 15:37:31','2016-06-01 15:37:31','12',8,11,'生活服务','[生活] 士力架!'),(1161,'2016-06-01 15:37:41',1,'2016-06-01 15:37:41','0.01','2016-06-01 15:37:41','2016-06-01 15:37:41','27',8,11,'汽车服务','[汽车] 科教文化服务content1'),(1162,'2016-06-01 15:37:51',1,'2016-06-01 15:37:51','0.01','2016-06-01 15:37:51','2016-06-01 15:37:51','7',8,11,'医疗保健服务','[医疗] 飘柔，就是这么自信'),(1163,'2016-06-01 15:38:01',1,'2016-06-01 15:38:01','0.01','2016-06-01 15:38:01','2016-06-01 15:38:01','7',8,11,'医疗保健服务','[医疗] 飘柔，就是这么自信'),(1164,'2016-06-01 15:38:11',1,'2016-06-01 15:38:11','0.01','2016-06-01 15:38:11','2016-06-01 15:38:11','4',1,11,'医疗保健服务','[医疗] So Easy!'),(1165,'2016-06-01 15:38:21',1,'2016-06-01 15:38:21','0.01','2016-06-01 15:38:21','2016-06-01 15:38:21','4',1,11,'医疗保健服务','[医疗] So Easy!'),(1166,'2016-06-01 15:38:31',1,'2016-06-01 15:38:31','0.01','2016-06-01 15:38:31','2016-06-01 15:38:31','11',8,11,'公司企业','[科教] 我感觉很难受'),(1167,'2016-06-01 15:38:41',1,'2016-06-01 15:38:41','0.01','2016-06-01 15:38:41','2016-06-01 15:38:41','11',8,11,'公司企业','[科教] 我感觉很难受'),(1168,'2016-06-01 15:38:51',1,'2016-06-01 15:38:51','0.01','2016-06-01 15:38:51','2016-06-01 15:38:51','11',8,11,'公司企业','[科教] 我感觉很难受'),(1169,'2016-06-01 15:39:01',1,'2016-06-01 15:39:01','0.01','2016-06-01 15:39:01','2016-06-01 15:39:01','11',8,11,'公司企业','[科教] 我感觉很难受'),(1170,'2016-06-01 15:39:11',1,'2016-06-01 15:39:11','0.01','2016-06-01 15:39:11','2016-06-01 15:39:11','11',8,11,'公司企业','[科教] 我感觉很难受'),(1171,'2016-06-01 15:39:21',1,'2016-06-01 15:39:21','0.01','2016-06-01 15:39:21','2016-06-01 15:39:21','11',8,11,'公司企业','[科教] 我感觉很难受'),(1172,'2016-06-01 15:39:31',1,'2016-06-01 15:39:31','0.01','2016-06-01 15:39:31','2016-06-01 15:39:31','11',8,11,'公司企业','[科教] 我感觉很难受'),(1173,'2016-06-01 15:39:41',1,'2016-06-01 15:39:41','0.01','2016-06-01 15:39:41','2016-06-01 15:39:41','11',8,11,'公司企业','[科教] 我感觉很难受'),(1174,'2016-06-01 15:39:51',1,'2016-06-01 15:39:51','0.01','2016-06-01 15:39:51','2016-06-01 15:39:51','11',8,11,'公司企业','[科教] 我感觉很难受'),(1175,'2016-06-01 15:40:01',1,'2016-06-01 15:40:01','0.01','2016-06-01 15:40:01','2016-06-01 15:40:01','11',8,11,'公司企业','[科教] 我感觉很难受'),(1176,'2016-06-01 15:40:11',1,'2016-06-01 15:40:11','0.01','2016-06-01 15:40:11','2016-06-01 15:40:11','11',8,11,'公司企业','[科教] 我感觉很难受'),(1177,'2016-06-01 15:40:21',1,'2016-06-01 15:40:21','0.01','2016-06-01 15:40:21','2016-06-01 15:40:21','11',8,11,'公司企业','[科教] 我感觉很难受'),(1178,'2016-06-01 15:40:31',1,'2016-06-01 15:40:31','0.01','2016-06-01 15:40:31','2016-06-01 15:40:31','11',8,11,'公司企业','[科教] 我感觉很难受'),(1179,'2016-06-01 15:40:41',1,'2016-06-01 15:40:41','0.01','2016-06-01 15:40:41','2016-06-01 15:40:41','11',8,11,'公司企业','[科教] 我感觉很难受'),(1180,'2016-06-01 15:40:51',1,'2016-06-01 15:40:51','0.01','2016-06-01 15:40:51','2016-06-01 15:40:51','11',8,11,'公司企业','[科教] 我感觉很难受'),(1181,'2016-06-01 15:41:01',1,'2016-06-01 15:41:01','0.01','2016-06-01 15:41:01','2016-06-01 15:41:01','11',8,11,'公司企业','[科教] 我感觉很难受'),(1182,'2016-06-01 15:41:11',1,'2016-06-01 15:41:11','0.01','2016-06-01 15:41:11','2016-06-01 15:41:11','11',8,11,'公司企业','[科教] 我感觉很难受'),(1183,'2016-06-01 15:41:21',1,'2016-06-01 15:41:21','0.01','2016-06-01 15:41:21','2016-06-01 15:41:21','11',8,11,'公司企业','[科教] 我感觉很难受'),(1184,'2016-06-01 15:41:31',1,'2016-06-01 15:41:31','0.01','2016-06-01 15:41:31','2016-06-01 15:41:31','11',8,11,'公司企业','[科教] 我感觉很难受'),(1185,'2016-06-01 15:41:41',1,'2016-06-01 15:41:41','0.01','2016-06-01 15:41:41','2016-06-01 15:41:41','11',8,11,'公司企业','[科教] 我感觉很难受'),(1186,'2016-06-01 15:41:51',1,'2016-06-01 15:41:51','0.01','2016-06-01 15:41:51','2016-06-01 15:41:51','11',8,11,'公司企业','[科教] 我感觉很难受'),(1187,'2016-06-01 15:42:01',1,'2016-06-01 15:42:01','0.01','2016-06-01 15:42:01','2016-06-01 15:42:01','11',8,11,'公司企业','[科教] 我感觉很难受'),(1188,'2016-06-01 15:42:11',1,'2016-06-01 15:42:11','0.01','2016-06-01 15:42:11','2016-06-01 15:42:11','11',8,11,'公司企业','[科教] 我感觉很难受'),(1189,'2016-06-01 15:42:21',1,'2016-06-01 15:42:21','0.01','2016-06-01 15:42:21','2016-06-01 15:42:21','11',8,11,'公司企业','[科教] 我感觉很难受'),(1190,'2016-06-01 15:42:31',1,'2016-06-01 15:42:31','0.01','2016-06-01 15:42:31','2016-06-01 15:42:31','11',8,11,'公司企业','[科教] 我感觉很难受'),(1191,'2016-06-01 15:42:41',1,'2016-06-01 15:42:41','0.01','2016-06-01 15:42:41','2016-06-01 15:42:41','11',8,11,'公司企业','[科教] 我感觉很难受'),(1192,'2016-06-01 15:42:51',1,'2016-06-01 15:42:51','0.01','2016-06-01 15:42:51','2016-06-01 15:42:51','11',8,11,'公司企业','[科教] 我感觉很难受'),(1193,'2016-06-01 15:43:01',1,'2016-06-01 15:43:01','0.01','2016-06-01 15:43:01','2016-06-01 15:43:01','11',8,11,'公司企业','[科教] 我感觉很难受'),(1194,'2016-06-01 15:43:11',1,'2016-06-01 15:43:11','0.01','2016-06-01 15:43:11','2016-06-01 15:43:11','11',8,11,'公司企业','[科教] 我感觉很难受'),(1195,'2016-06-01 15:43:21',1,'2016-06-01 15:43:21','0.01','2016-06-01 15:43:21','2016-06-01 15:43:21','11',8,11,'公司企业','[科教] 我感觉很难受'),(1196,'2016-06-01 15:43:31',1,'2016-06-01 15:43:31','0.01','2016-06-01 15:43:31','2016-06-01 15:43:31','11',8,11,'公司企业','[科教] 我感觉很难受'),(1197,'2016-06-01 15:43:41',1,'2016-06-01 15:43:41','0.01','2016-06-01 15:43:41','2016-06-01 15:43:41','11',8,11,'公司企业','[科教] 我感觉很难受'),(1198,'2016-06-01 15:43:51',1,'2016-06-01 15:43:51','0.01','2016-06-01 15:43:51','2016-06-01 15:43:51','11',8,11,'公司企业','[科教] 我感觉很难受'),(1199,'2016-06-01 15:44:01',1,'2016-06-01 15:44:01','0.01','2016-06-01 15:44:01','2016-06-01 15:44:01','11',8,11,'公司企业','[科教] 我感觉很难受'),(1200,'2016-06-01 15:44:32',1,'2016-06-01 15:44:32','0.01','2016-06-01 15:44:32','2016-06-01 15:44:32','11',8,11,'公司企业','[科教] 我感觉很难受'),(1201,'2016-06-01 15:44:41',1,'2016-06-01 15:44:41','0.01','2016-06-01 15:44:41','2016-06-01 15:44:41','11',8,11,'公司企业','[科教] 我感觉很难受'),(1202,'2016-06-01 15:44:51',1,'2016-06-01 15:44:51','0.01','2016-06-01 15:44:51','2016-06-01 15:44:51','11',8,11,'公司企业','[科教] 我感觉很难受'),(1203,'2016-06-01 15:45:31',1,'2016-06-01 15:45:31','0.01','2016-06-01 15:45:31','2016-06-01 15:45:31','11',8,11,'公司企业','[科教] 我感觉很难受'),(1204,'2016-06-01 15:45:41',1,'2016-06-01 15:45:41','0.01','2016-06-01 15:45:41','2016-06-01 15:45:41','11',8,11,'公司企业','[科教] 我感觉很难受'),(1205,'2016-06-01 15:45:51',1,'2016-06-01 15:45:51','0.01','2016-06-01 15:45:51','2016-06-01 15:45:51','11',8,11,'公司企业','[科教] 我感觉很难受'),(1206,'2016-06-01 15:46:01',1,'2016-06-01 15:46:01','0.01','2016-06-01 15:46:01','2016-06-01 15:46:01','11',8,11,'公司企业','[科教] 我感觉很难受'),(1207,'2016-06-01 15:46:11',1,'2016-06-01 15:46:11','0.01','2016-06-01 15:46:11','2016-06-01 15:46:11','11',8,11,'公司企业','[科教] 我感觉很难受'),(1208,'2016-06-01 15:46:21',1,'2016-06-01 15:46:21','0.01','2016-06-01 15:46:21','2016-06-01 15:46:21','11',8,11,'公司企业','[科教] 我感觉很难受'),(1209,'2016-06-01 15:46:31',1,'2016-06-01 15:46:31','0.01','2016-06-01 15:46:31','2016-06-01 15:46:31','11',8,11,'公司企业','[科教] 我感觉很难受'),(1210,'2016-06-01 15:46:41',1,'2016-06-01 15:46:41','0.01','2016-06-01 15:46:41','2016-06-01 15:46:41','11',8,11,'公司企业','[科教] 我感觉很难受'),(1211,'2016-06-01 15:47:41',1,'2016-06-01 15:47:41','0.01','2016-06-01 15:47:41','2016-06-01 15:47:41','11',8,11,'公司企业','[科教] 我感觉很难受'),(1212,'2016-06-01 15:47:51',1,'2016-06-01 15:47:51','0.01','2016-06-01 15:47:51','2016-06-01 15:47:51','11',8,11,'公司企业','[科教] 我感觉很难受'),(1213,'2016-06-01 15:48:01',1,'2016-06-01 15:48:01','0.01','2016-06-01 15:48:01','2016-06-01 15:48:01','11',8,11,'公司企业','[科教] 我感觉很难受'),(1214,'2016-06-01 15:48:11',1,'2016-06-01 15:48:11','0.01','2016-06-01 15:48:11','2016-06-01 15:48:11','11',8,11,'公司企业','[科教] 我感觉很难受'),(1215,'2016-06-01 15:48:21',1,'2016-06-01 15:48:21','0.01','2016-06-01 15:48:21','2016-06-01 15:48:21','11',8,11,'公司企业','[科教] 我感觉很难受'),(1216,'2016-06-01 15:48:31',1,'2016-06-01 15:48:31','0.01','2016-06-01 15:48:31','2016-06-01 15:48:31','11',8,11,'公司企业','[科教] 我感觉很难受'),(1217,'2016-06-01 15:48:41',1,'2016-06-01 15:48:41','0.01','2016-06-01 15:48:41','2016-06-01 15:48:41','11',8,11,'公司企业','[科教] 我感觉很难受'),(1218,'2016-06-01 15:48:51',1,'2016-06-01 15:48:51','0.01','2016-06-01 15:48:51','2016-06-01 15:48:51','11',8,11,'公司企业','[科教] 我感觉很难受'),(1219,'2016-06-01 15:49:01',1,'2016-06-01 15:49:01','0.01','2016-06-01 15:49:01','2016-06-01 15:49:01','11',8,11,'公司企业','[科教] 我感觉很难受'),(1220,'2016-06-01 15:49:11',1,'2016-06-01 15:49:11','0.01','2016-06-01 15:49:11','2016-06-01 15:49:11','11',8,11,'公司企业','[科教] 我感觉很难受'),(1221,'2016-06-01 15:49:21',1,'2016-06-01 15:49:21','0.01','2016-06-01 15:49:21','2016-06-01 15:49:21','11',8,11,'公司企业','[科教] 我感觉很难受'),(1222,'2016-06-01 15:49:31',1,'2016-06-01 15:49:31','0.01','2016-06-01 15:49:31','2016-06-01 15:49:31','11',8,11,'公司企业','[科教] 我感觉很难受'),(1223,'2016-06-01 15:49:41',1,'2016-06-01 15:49:41','0.01','2016-06-01 15:49:41','2016-06-01 15:49:41','11',8,11,'公司企业','[科教] 我感觉很难受'),(1224,'2016-06-01 15:49:51',1,'2016-06-01 15:49:51','0.01','2016-06-01 15:49:51','2016-06-01 15:49:51','11',8,11,'公司企业','[科教] 我感觉很难受'),(1225,'2016-06-01 15:50:01',1,'2016-06-01 15:50:01','0.01','2016-06-01 15:50:01','2016-06-01 15:50:01','11',8,11,'公司企业','[科教] 我感觉很难受'),(1226,'2016-06-01 15:50:11',1,'2016-06-01 15:50:11','0.01','2016-06-01 15:50:11','2016-06-01 15:50:11','11',8,11,'公司企业','[科教] 我感觉很难受'),(1227,'2016-06-01 15:50:21',1,'2016-06-01 15:50:21','0.01','2016-06-01 15:50:21','2016-06-01 15:50:21','11',8,11,'公司企业','[科教] 我感觉很难受'),(1228,'2016-06-01 15:50:31',1,'2016-06-01 15:50:31','0.01','2016-06-01 15:50:31','2016-06-01 15:50:31','11',8,11,'公司企业','[科教] 我感觉很难受'),(1229,'2016-06-01 15:50:41',1,'2016-06-01 15:50:41','0.01','2016-06-01 15:50:41','2016-06-01 15:50:41','11',8,11,'公司企业','[科教] 我感觉很难受'),(1230,'2016-06-01 15:50:51',1,'2016-06-01 15:50:51','0.01','2016-06-01 15:50:51','2016-06-01 15:50:51','11',8,11,'公司企业','[科教] 我感觉很难受'),(1231,'2016-06-01 15:51:01',1,'2016-06-01 15:51:01','0.01','2016-06-01 15:51:01','2016-06-01 15:51:01','11',8,11,'公司企业','[科教] 我感觉很难受'),(1232,'2016-06-01 15:51:11',1,'2016-06-01 15:51:11','0.01','2016-06-01 15:51:11','2016-06-01 15:51:11','11',8,11,'公司企业','[科教] 我感觉很难受'),(1233,'2016-06-01 15:51:21',1,'2016-06-01 15:51:21','0.01','2016-06-01 15:51:21','2016-06-01 15:51:21','11',8,11,'公司企业','[科教] 我感觉很难受'),(1234,'2016-06-01 15:51:31',1,'2016-06-01 15:51:31','0.01','2016-06-01 15:51:31','2016-06-01 15:51:31','11',8,11,'公司企业','[科教] 我感觉很难受'),(1235,'2016-06-01 15:51:41',1,'2016-06-01 15:51:41','0.01','2016-06-01 15:51:41','2016-06-01 15:51:41','11',8,11,'公司企业','[科教] 我感觉很难受'),(1236,'2016-06-01 15:51:51',1,'2016-06-01 15:51:51','0.01','2016-06-01 15:51:51','2016-06-01 15:51:51','11',8,11,'公司企业','[科教] 我感觉很难受'),(1237,'2016-06-01 15:52:01',1,'2016-06-01 15:52:01','0.01','2016-06-01 15:52:01','2016-06-01 15:52:01','11',8,11,'公司企业','[科教] 我感觉很难受'),(1238,'2016-06-01 15:52:11',1,'2016-06-01 15:52:11','0.01','2016-06-01 15:52:11','2016-06-01 15:52:11','11',8,11,'公司企业','[科教] 我感觉很难受'),(1239,'2016-06-01 15:52:21',1,'2016-06-01 15:52:21','0.01','2016-06-01 15:52:21','2016-06-01 15:52:21','11',8,11,'公司企业','[科教] 我感觉很难受'),(1240,'2016-06-01 15:52:31',1,'2016-06-01 15:52:31','0.01','2016-06-01 15:52:31','2016-06-01 15:52:31','11',8,11,'公司企业','[科教] 我感觉很难受'),(1241,'2016-06-01 15:52:41',1,'2016-06-01 15:52:41','0.01','2016-06-01 15:52:41','2016-06-01 15:52:41','11',8,11,'公司企业','[科教] 我感觉很难受'),(1242,'2016-06-01 15:52:51',1,'2016-06-01 15:52:51','0.01','2016-06-01 15:52:51','2016-06-01 15:52:51','11',8,11,'公司企业','[科教] 我感觉很难受'),(1243,'2016-06-01 15:53:01',1,'2016-06-01 15:53:01','0.01','2016-06-01 15:53:01','2016-06-01 15:53:01','11',8,11,'公司企业','[科教] 我感觉很难受'),(1244,'2016-06-01 15:53:11',1,'2016-06-01 15:53:11','0.01','2016-06-01 15:53:11','2016-06-01 15:53:11','11',8,11,'公司企业','[科教] 我感觉很难受'),(1245,'2016-06-01 15:53:21',1,'2016-06-01 15:53:21','0.01','2016-06-01 15:53:21','2016-06-01 15:53:21','11',8,11,'公司企业','[科教] 我感觉很难受'),(1246,'2016-06-01 15:53:31',1,'2016-06-01 15:53:31','0.01','2016-06-01 15:53:31','2016-06-01 15:53:31','11',8,11,'公司企业','[科教] 我感觉很难受'),(1247,'2016-06-01 15:53:41',1,'2016-06-01 15:53:41','0.01','2016-06-01 15:53:41','2016-06-01 15:53:41','11',8,11,'公司企业','[科教] 我感觉很难受'),(1248,'2016-06-01 15:53:51',1,'2016-06-01 15:53:51','0.01','2016-06-01 15:53:51','2016-06-01 15:53:51','11',8,11,'公司企业','[科教] 我感觉很难受'),(1249,'2016-06-01 15:54:01',1,'2016-06-01 15:54:01','0.01','2016-06-01 15:54:01','2016-06-01 15:54:01','11',8,11,'公司企业','[科教] 我感觉很难受'),(1250,'2016-06-01 18:29:00',1,'2016-06-01 18:29:00','0.01','2016-06-01 18:29:00','2016-06-01 18:29:00','9',8,11,'科教文化服务','[科教] 挖掘机技术哪家强,中国上海'),(1251,'2016-06-01 18:29:10',1,'2016-06-01 18:29:10','0.01','2016-06-01 18:29:10','2016-06-01 18:29:10','9',8,11,'科教文化服务','[科教] 挖掘机技术哪家强,中国上海'),(1252,'2016-06-01 18:29:23',1,'2016-06-01 18:29:23','0.01','2016-06-01 18:29:23','2016-06-01 18:29:23','9',8,11,'科教文化服务','[科教] 挖掘机技术哪家强,中国上海'),(1253,'2016-06-01 18:29:33',1,'2016-06-01 18:29:33','0.01','2016-06-01 18:29:33','2016-06-01 18:29:33','9',8,11,'科教文化服务','[科教] 挖掘机技术哪家强,中国上海'),(1254,'2016-06-01 18:29:43',1,'2016-06-01 18:29:43','0.01','2016-06-01 18:29:43','2016-06-01 18:29:43','9',8,11,'科教文化服务','[科教] 挖掘机技术哪家强,中国上海'),(1255,'2016-06-01 18:29:53',1,'2016-06-01 18:29:53','0.01','2016-06-01 18:29:53','2016-06-01 18:29:53','9',8,11,'科教文化服务','[科教] 挖掘机技术哪家强,中国上海'),(1256,'2016-06-01 18:30:31',1,'2016-06-01 18:30:31','0.01','2016-06-01 18:30:31','2016-06-01 18:30:31','9',8,11,'科教文化服务','[科教] 挖掘机技术哪家强,中国上海'),(1257,'2016-06-01 18:30:39',1,'2016-06-01 18:30:39','0.01','2016-06-01 18:30:39','2016-06-01 18:30:39','9',8,11,'科教文化服务','[科教] 挖掘机技术哪家强,中国上海'),(1258,'2016-06-01 18:30:49',1,'2016-06-01 18:30:49','0.01','2016-06-01 18:30:49','2016-06-01 18:30:49','9',8,11,'科教文化服务','[科教] 挖掘机技术哪家强,中国上海'),(1259,'2016-06-01 18:30:59',1,'2016-06-01 18:30:59','0.01','2016-06-01 18:30:59','2016-06-01 18:30:59','9',8,11,'科教文化服务','[科教] 挖掘机技术哪家强,中国上海'),(1260,'2016-06-01 18:31:09',1,'2016-06-01 18:31:09','0.01','2016-06-01 18:31:09','2016-06-01 18:31:09','9',8,11,'科教文化服务','[科教] 挖掘机技术哪家强,中国上海'),(1261,'2016-06-07 10:12:20',1,'2016-06-07 10:12:20','0.01','2016-06-07 10:12:20','2016-06-07 10:12:20','31',9,11,'医疗保健服务','[医疗] 吞吞吐吐'),(1262,'2016-06-07 10:12:29',1,'2016-06-07 10:12:29','0.01','2016-06-07 10:12:29','2016-06-07 10:12:29','31',9,11,'医疗保健服务','[医疗] 吞吞吐吐'),(1263,'2016-06-07 10:12:43',1,'2016-06-07 10:12:43','0.01','2016-06-07 10:12:43','2016-06-07 10:12:43','31',9,11,'医疗保健服务','[医疗] 吞吞吐吐'),(1264,'2016-06-07 10:13:07',1,'2016-06-07 10:13:07','0.01','2016-06-07 10:13:07','2016-06-07 10:13:07','7',8,11,'医疗保健服务','[医疗] 飘柔，就是这么自信'),(1265,'2016-06-07 10:13:25',1,'2016-06-07 10:13:25','0.01','2016-06-07 10:13:25','2016-06-07 10:13:25','30',8,11,'科教文化服务','[学校] 测试学校'),(1266,'2016-06-07 10:13:25',1,'2016-06-07 10:13:25','0.01','2016-06-07 10:13:25','2016-06-07 10:13:25','30',8,11,'科教文化服务','[学校] 测试学校'),(1267,'2016-06-07 10:13:34',1,'2016-06-07 10:13:34','0.01','2016-06-07 10:13:34','2016-06-07 10:13:34','3',1,11,'风景名胜','[风景] 水可载舟,亦可赛艇.'),(1268,'2016-06-07 10:13:43',1,'2016-06-07 10:13:43','0.01','2016-06-07 10:13:43','2016-06-07 10:13:43','3',1,11,'风景名胜','[风景] 水可载舟,亦可赛艇.'),(1269,'2016-06-07 10:14:03',1,'2016-06-07 10:14:03','0.01','2016-06-07 10:14:03','2016-06-07 10:14:03','29',8,11,'汽车服务','[汽车] ceshi123'),(1270,'2016-06-07 10:14:03',1,'2016-06-07 10:14:03','0.01','2016-06-07 10:14:03','2016-06-07 10:14:03','29',8,11,'汽车服务','[汽车] ceshi123'),(1271,'2016-06-07 10:14:13',1,'2016-06-07 10:14:13','0.01','2016-06-07 10:14:13','2016-06-07 10:14:13','3',1,11,'风景名胜','[风景] 水可载舟,亦可赛艇.'),(1272,'2016-06-07 10:14:29',1,'2016-06-07 10:14:29','0.01','2016-06-07 10:14:29','2016-06-07 10:14:29','12',8,11,'生活服务','[生活] 士力架!'),(1273,'2016-06-07 10:14:30',1,'2016-06-07 10:14:30','0.01','2016-06-07 10:14:30','2016-06-07 10:14:30','13',8,11,'餐饮服务','[餐饮] 焦糖!巧克力!'),(1274,'2016-06-07 10:14:49',1,'2016-06-07 10:14:49','0.01','2016-06-07 10:14:49','2016-06-07 10:14:49','11',8,11,'公司企业','[科教] 我感觉很难受'),(1275,'2016-06-07 10:14:49',1,'2016-06-07 10:14:49','0.01','2016-06-07 10:14:49','2016-06-07 10:14:49','11',8,11,'公司企业','[科教] 我感觉很难受'),(1276,'2016-06-07 10:14:53',1,'2016-06-07 10:14:53','0.01','2016-06-07 10:14:53','2016-06-07 10:14:53','11',8,11,'公司企业','[科教] 我感觉很难受'),(1277,'2016-06-07 10:15:14',1,'2016-06-07 10:15:14','0.01','2016-06-07 10:15:14','2016-06-07 10:15:14','11',8,11,'公司企业','[科教] 我感觉很难受'),(1278,'2016-06-07 10:15:14',1,'2016-06-07 10:15:14','0.01','2016-06-07 10:15:14','2016-06-07 10:15:14','11',8,11,'公司企业','[科教] 我感觉很难受'),(1279,'2016-06-07 10:15:22',1,'2016-06-07 10:15:22','0.01','2016-06-07 10:15:22','2016-06-07 10:15:22','11',8,11,'公司企业','[科教] 我感觉很难受'),(1280,'2016-06-07 10:15:23',1,'2016-06-07 10:15:23','0.01','2016-06-07 10:15:23','2016-06-07 10:15:23','11',8,11,'公司企业','[科教] 我感觉很难受'),(1281,'2016-06-07 10:15:28',1,'2016-06-07 10:15:28','0.01','2016-06-07 10:15:28','2016-06-07 10:15:28','11',8,11,'公司企业','[科教] 我感觉很难受'),(1282,'2016-06-07 10:15:33',1,'2016-06-07 10:15:33','0.01','2016-06-07 10:15:33','2016-06-07 10:15:33','11',8,11,'公司企业','[科教] 我感觉很难受'),(1283,'2016-06-07 10:15:43',1,'2016-06-07 10:15:43','0.01','2016-06-07 10:15:43','2016-06-07 10:15:43','11',8,11,'公司企业','[科教] 我感觉很难受'),(1284,'2016-06-07 10:15:53',1,'2016-06-07 10:15:53','0.01','2016-06-07 10:15:53','2016-06-07 10:15:53','11',8,11,'公司企业','[科教] 我感觉很难受'),(1285,'2016-06-07 10:16:03',1,'2016-06-07 10:16:03','0.01','2016-06-07 10:16:03','2016-06-07 10:16:03','11',8,11,'公司企业','[科教] 我感觉很难受'),(1286,'2016-06-07 10:16:13',1,'2016-06-07 10:16:13','0.01','2016-06-07 10:16:13','2016-06-07 10:16:13','11',8,11,'公司企业','[科教] 我感觉很难受'),(1287,'2016-06-07 10:16:23',1,'2016-06-07 10:16:23','0.01','2016-06-07 10:16:23','2016-06-07 10:16:23','11',8,11,'公司企业','[科教] 我感觉很难受'),(1288,'2016-06-07 10:16:33',1,'2016-06-07 10:16:33','0.01','2016-06-07 10:16:33','2016-06-07 10:16:33','11',8,11,'公司企业','[科教] 我感觉很难受'),(1289,'2016-06-07 10:16:43',1,'2016-06-07 10:16:43','0.01','2016-06-07 10:16:43','2016-06-07 10:16:43','11',8,11,'公司企业','[科教] 我感觉很难受');
/*!40000 ALTER TABLE `car_order` ENABLE KEYS */;
UNLOCK TABLES;

--
-- Table structure for table `car_region`
--

DROP TABLE IF EXISTS `car_region`;
/*!40101 SET @saved_cs_client     = @@character_set_client */;
/*!40101 SET character_set_client = utf8 */;
CREATE TABLE `car_region` (
  `id` int(10) NOT NULL,
  `region_name` varchar(45) NOT NULL,
  `region_address` varchar(45) NOT NULL,
  PRIMARY KEY (`id`)
) ENGINE=InnoDB DEFAULT CHARSET=utf8mb4;
/*!40101 SET character_set_client = @saved_cs_client */;

--
-- Dumping data for table `car_region`
--

LOCK TABLES `car_region` WRITE;
/*!40000 ALTER TABLE `car_region` DISABLE KEYS */;
/*!40000 ALTER TABLE `car_region` ENABLE KEYS */;
UNLOCK TABLES;

--
-- Table structure for table `car_user`
--

DROP TABLE IF EXISTS `car_user`;
/*!40101 SET @saved_cs_client     = @@character_set_client */;
/*!40101 SET character_set_client = utf8 */;
CREATE TABLE `car_user` (
  `id` int(10) unsigned NOT NULL AUTO_INCREMENT,
  `name` varchar(45) NOT NULL,
  `password` varchar(45) NOT NULL,
  `email` varchar(45) NOT NULL,
  `phone` varchar(45) NOT NULL,
  `car_travel_code` varchar(45) NOT NULL,
  `identity_number` varchar(45) DEFAULT '1',
  `real_name` varchar(45) NOT NULL,
  `alipay` varchar(45) NOT NULL,
  `car_code` varchar(45) DEFAULT NULL,
  `car_image` varchar(100) DEFAULT NULL,
  `earnings` float NOT NULL DEFAULT '0',
  `current_ad_id` int(10) DEFAULT '0',
  PRIMARY KEY (`id`),
  UNIQUE KEY `id_UNIQUE` (`id`)
) ENGINE=InnoDB AUTO_INCREMENT=56 DEFAULT CHARSET=utf8mb4;
/*!40101 SET character_set_client = @saved_cs_client */;

--
-- Dumping data for table `car_user`
--

LOCK TABLES `car_user` WRITE;
/*!40000 ALTER TABLE `car_user` DISABLE KEYS */;
INSERT INTO `car_user` VALUES (7,'昵称1','ww','596813@qq.com','ww','ww','1','ww','ww','ww',NULL,0,0),(11,'666','123456','abc@qq.com','110','666666','1','hahaha','123','1239999',NULL,12.8802,11),(32,'????','123456','233@666.com','10086','998','1','???','123','?A99812',NULL,0,0),(34,'123088','123456','10086@qq.com','110','087214','1','???','123','12315',NULL,0,0),(35,'120311','123456','abc@qq.com','1211','1211111','1','12111','123','12111',NULL,0,0),(43,'master','www','abc@qq.com','11','11','1','111','123','11',NULL,0,15),(45,'测试','1234','123@qq.com','123','123','1','123','123','50780',NULL,0,0),(46,'aaa','aaa','aaa@163.com','110','ABC123','1','aaa','123123','123',NULL,0,0),(55,'ceshi','ceshi','ceshi@qq.com','ceshi','ceshi','1','ceshi','ceshi','ceshi',NULL,0,0);
/*!40000 ALTER TABLE `car_user` ENABLE KEYS */;
UNLOCK TABLES;

--
-- Table structure for table `car_user_login_record`
--

DROP TABLE IF EXISTS `car_user_login_record`;
/*!40101 SET @saved_cs_client     = @@character_set_client */;
/*!40101 SET character_set_client = utf8 */;
CREATE TABLE `car_user_login_record` (
  `id` int(10) NOT NULL AUTO_INCREMENT,
  `time` datetime NOT NULL,
  `user_id` int(10) NOT NULL,
  PRIMARY KEY (`id`)
) ENGINE=InnoDB AUTO_INCREMENT=41 DEFAULT CHARSET=utf8mb4;
/*!40101 SET character_set_client = @saved_cs_client */;

--
-- Dumping data for table `car_user_login_record`
--

LOCK TABLES `car_user_login_record` WRITE;
/*!40000 ALTER TABLE `car_user_login_record` DISABLE KEYS */;
INSERT INTO `car_user_login_record` VALUES (1,'2016-05-03 20:39:30',8),(2,'2016-05-03 20:39:45',8),(3,'2016-05-04 19:55:31',6),(4,'2016-05-09 15:42:01',7),(5,'2016-05-09 15:43:09',7),(6,'2016-05-09 15:43:25',7),(7,'2016-05-09 15:44:32',7),(8,'2016-05-09 15:45:31',7),(9,'2016-05-09 15:45:57',7),(10,'2016-05-09 15:46:04',7),(11,'2016-05-09 15:48:07',7),(12,'2016-05-09 15:48:25',7),(13,'2016-05-09 15:49:32',7),(14,'2016-05-09 15:50:06',7),(15,'2016-05-09 15:50:14',7),(16,'2016-05-09 15:50:46',7),(17,'2016-05-09 15:50:57',7),(18,'2016-05-09 15:51:01',7),(19,'2016-05-09 15:51:30',7),(20,'2016-05-09 15:56:35',7),(21,'2016-05-09 15:56:52',7),(22,'2016-05-09 15:57:05',7),(23,'2016-05-11 12:26:34',7),(24,'2016-05-11 15:27:46',7),(25,'2016-05-11 15:28:08',7),(26,'2016-05-11 16:04:05',7),(27,'2016-06-01 15:39:18',44),(28,'2016-06-01 16:56:26',45),(29,'2016-06-01 16:58:35',45),(30,'2016-06-01 17:09:30',45),(31,'2016-06-01 17:16:32',45),(32,'2016-06-01 18:19:59',46),(33,'2016-06-07 10:01:31',47),(34,'2016-06-07 10:15:51',47),(35,'2016-06-07 10:18:46',47),(36,'2016-06-07 10:21:01',47),(37,'2016-06-07 10:21:18',47),(38,'2016-06-07 10:53:37',52),(39,'2016-06-07 10:59:01',54),(40,'2016-06-07 11:09:07',55);
/*!40000 ALTER TABLE `car_user_login_record` ENABLE KEYS */;
UNLOCK TABLES;

--
-- Table structure for table `car_user_temp`
--

DROP TABLE IF EXISTS `car_user_temp`;
/*!40101 SET @saved_cs_client     = @@character_set_client */;
/*!40101 SET character_set_client = utf8 */;
CREATE TABLE `car_user_temp` (
  `id` int(10) unsigned NOT NULL DEFAULT '0',
  `name` varchar(45) CHARACTER SET utf8mb4 NOT NULL,
  `password` varchar(45) CHARACTER SET utf8mb4 NOT NULL,
  `email` varchar(45) CHARACTER SET utf8mb4 NOT NULL,
  `phone` varchar(45) CHARACTER SET utf8mb4 NOT NULL,
  `car_travel_code` varchar(45) CHARACTER SET utf8mb4 NOT NULL,
  `identity_number` varchar(45) CHARACTER SET utf8mb4 DEFAULT '1',
  `real_name` varchar(45) CHARACTER SET utf8mb4 NOT NULL,
  `alipay` varchar(45) CHARACTER SET utf8mb4 NOT NULL,
  `car_code` varchar(45) CHARACTER SET utf8mb4 DEFAULT NULL,
  `car_image` varchar(100) CHARACTER SET utf8mb4 DEFAULT NULL,
  `earnings` int(10) NOT NULL DEFAULT '0'
) ENGINE=InnoDB DEFAULT CHARSET=latin1;
/*!40101 SET character_set_client = @saved_cs_client */;

--
-- Dumping data for table `car_user_temp`
--

LOCK TABLES `car_user_temp` WRITE;
/*!40000 ALTER TABLE `car_user_temp` DISABLE KEYS */;
INSERT INTO `car_user_temp` VALUES (6,'11','11','11','11','11','1','11','11','11',NULL,0),(7,'ww','ww','ww','ww','ww','1','ww','ww','ww',NULL,0),(8,'22','22','22','22','22','1','22','22','22',NULL,0),(9,'33','33','33','33','33','1','33','33','33',NULL,0),(10,'44','44','44','44','44','1','44','44','44',NULL,0),(11,'666','123456','abc@qq.com','110','666666','1','hahaha','123','1239999',NULL,0);
/*!40000 ALTER TABLE `car_user_temp` ENABLE KEYS */;
UNLOCK TABLES;
/*!40103 SET TIME_ZONE=@OLD_TIME_ZONE */;

/*!40101 SET SQL_MODE=@OLD_SQL_MODE */;
/*!40014 SET FOREIGN_KEY_CHECKS=@OLD_FOREIGN_KEY_CHECKS */;
/*!40014 SET UNIQUE_CHECKS=@OLD_UNIQUE_CHECKS */;
/*!40101 SET CHARACTER_SET_CLIENT=@OLD_CHARACTER_SET_CLIENT */;
/*!40101 SET CHARACTER_SET_RESULTS=@OLD_CHARACTER_SET_RESULTS */;
/*!40101 SET COLLATION_CONNECTION=@OLD_COLLATION_CONNECTION */;
/*!40111 SET SQL_NOTES=@OLD_SQL_NOTES */;

-- Dump completed on 2016-06-07 11:16:24
